1146f3,::1,GET,http://localhost:8000/,1425682680,
98dacf,::1,GET,http://localhost:8000/,1425682680,
64138b,::1,GET,http://localhost:8000/?search=adf,1425683011,
163676,::1,GET,http://localhost:8000/?search=adf,1425683011,
2ccffb,::1,GET,http://localhost:8000/manage/members,1425684051,
a5f8b9,::1,GET,http://localhost:8000/manage/members,1425684051,
e551ce,::1,GET,http://localhost:8000/manage/members/add,1425684055,
a49799,::1,GET,http://localhost:8000/manage/members/add,1425684055,
7f19af,::1,GET,http://localhost:8000/,1425684071,
c1f1c7,::1,GET,http://localhost:8000/,1425684072,
67961f,::1,GET,http://localhost:8000/,1425684245,
c9f0a9,::1,GET,http://localhost:8000/,1425684245,
62b7c6,::1,GET,http://localhost:8000/,1425684262,
5f0ad0,::1,GET,http://localhost:8000/,1425684262,
3e7e24,::1,GET,http://localhost:8000/,1425686867,
d20b3b,::1,GET,http://localhost:8000/,1425686867,
9a251f,::1,GET,http://localhost:8000/manage/members,1425686871,
41ed44,::1,GET,http://localhost:8000/manage/members,1425686871,
324774,::1,GET,http://localhost:8000/manage/members/add,1425686873,
fbcb56,::1,GET,http://localhost:8000/manage/members/add,1425686873,
5e7bdf,::1,GET,http://localhost:8000/,1425686927,
1c10b1,::1,GET,http://localhost:8000/,1425686927,
adda64,::1,GET,http://localhost:8000/,1425698571,
4fd48a,::1,GET,http://localhost:8000/,1425698572,
2fe66f,::1,GET,http://localhost:8000/manage/members,1425698574,
d1af61,::1,GET,http://localhost:8000/manage/members,1425698574,
326cff,::1,GET,http://localhost:8000/manage/members/add,1425698575,
f99b52,::1,GET,http://localhost:8000/manage/members/add,1425698575,
76a9b3,::1,GET,http://localhost:8000/manage/members/add,1425698689,
2aac13,::1,GET,http://localhost:8000/manage/members/add,1425698689,
731a72,::1,GET,http://localhost:8000/manage/members/add,1425698743,
594156,::1,GET,http://localhost:8000/manage/members/add,1425698744,
f2b11c,::1,GET,http://localhost:8000/,1425699693,
827eb7,::1,GET,http://localhost:8000/,1425699693,
9b2da0,::1,GET,http://localhost:8000/,1425700443,
33fbd1,::1,GET,http://localhost:8000/,1425700492,
9cfb2a,::1,GET,http://localhost:8000/,1425700492,
76938e,::1,GET,http://localhost:8000/manage/members,1425700568,
96180f,::1,GET,http://localhost:8000/manage/members,1425700568,
582bab,::1,GET,http://localhost:8000/manage/members/add,1425700569,
a369b6,::1,GET,http://localhost:8000/manage/members/add,1425700569,
245002,::1,GET,http://localhost:8000/,1425747352,
a637e3,::1,GET,http://localhost:8000/,1425747352,
d76c60,::1,GET,http://localhost:8000/,1425748619,
68ac42,::1,GET,http://localhost:8000/manage/members,1425748622,
b18545,::1,GET,http://localhost:8000/manage/members/add,1425748623,
c9ce7a,::1,GET,http://localhost:8000/manage/members/add,1425748624,
0c0cb2,::1,GET,http://localhost:8000/manage/members/add,1425748679,
19e259,::1,GET,http://localhost:8000/manage/members/add,1425748680,
730de7,::1,GET,http://localhost:8000/manage/members/add,1425748705,
7e3513,::1,GET,http://localhost:8000/,1425748731,
657a06,::1,GET,http://localhost:8000/manage/members,1425749208,
d11676,::1,GET,http://localhost:8000/manage/members/add,1425749210,
9f089d,::1,GET,http://localhost:8000/,1425749341,
cbb303,::1,GET,http://localhost:8000/manage/members,1425749343,
caffc3,::1,GET,http://localhost:8000/manage/members/add,1425749345,
d20fdd,::1,GET,http://localhost:8000/,1425749351,
630ff8,::1,GET,http://localhost:8000/,1425775160,
0e7c91,::1,GET,http://localhost:8000/manage/members,1425775162,
220c45,::1,GET,http://localhost:8000/manage/members/add,1425775164,
7e576d,::1,POST,http://localhost:8000/manage/members/add,1425775185,
667600,::1,GET,http://localhost:8000/manage/members/add,1425776621,
b408ec,::1,GET,http://localhost:8000/,1426180297,
00cf3b,::1,GET,http://localhost:8000/,1426180299,
62e414,::1,GET,http://localhost:8000/,1426180324,
e762ea,::1,GET,http://localhost:8000/,1426180377,
75c6d7,::1,GET,http://localhost:8000/manage/members,1426180392,
608144,::1,GET,http://localhost:8000/manage/members/add,1426180396,
1f7484,::1,POST,http://localhost:8000/member/kturner/delete,1426180439,
2a20d0,::1,GET,http://localhost:8000/manage/members,1426180439,
c2a7dd,::1,GET,http://localhost:8000/manage/members/add,1426180441,
5d2c3f,::1,POST,http://localhost:8000/manage/members/add,1426180490,
507141,::1,POST,http://localhost:8000/manage/members/add,1426180508,
59efd0,::1,GET,http://localhost:8000/manage/members,1426180508,
5742b7,::1,GET,http://localhost:8000/qwerq,1426180514,
6937b2,::1,GET,http://localhost:8000/,1426180535,
f6d0b1,::1,GET,http://localhost:8000/,1426180558,
235019,::1,GET,http://localhost:8000/,1426180631,
ac65a5,::1,GET,http://localhost:8000/4,1426180634,
e4fb9c,::1,GET,http://localhost:8000/?search=qsa,1426180638,
bcc00a,::1,GET,http://localhost:8000/,1426180644,
50e062,::1,GET,http://localhost:8000/,1426181037,
c16514,::1,GET,http://localhost:8000/,1426181070,
af702a,::1,GET,http://localhost:8000/,1426181075,
7e5d30,::1,GET,http://localhost:8000/manage/members,1426181077,
5e3768,::1,GET,http://localhost:8000/,1426181086,
5b36ad,::1,GET,http://localhost:8000/?search=hir,1426181090,
bc9d68,::1,GET,http://localhost:8000/?search=toronto,1426181095,
0f1c3a,::1,GET,http://localhost:8000/,1426181097,
3a3220,::1,GET,http://localhost:8000/manage/members,1426181098,
10a6ce,::1,GET,http://localhost:8000/,1426181101,
7538b8,::1,GET,http://localhost:8000/hirthe.adrienne,1426181176,
504386,::1,GET,http://localhost:8000/,1426181181,
3292f0,::1,GET,http://localhost:8000/,1426181183,
625389,::1,GET,http://localhost:8000/,1426215178,
538759,::1,GET,http://localhost:8000/?search=bauch,1426215200,
a5967a,::1,GET,http://localhost:8000/will.hoppe,1426215207,
3777dc,::1,GET,http://localhost:8000/cornell.grant,1426215213,
5488b1,::1,GET,http://localhost:8000/cornell.grant,1426215263,
ebfdae,::1,GET,http://localhost:8000/,1426215330,
cff283,::1,GET,http://localhost:8000/hirthe.adrienne,1426215331,
9f5ab3,::1,GET,http://localhost:8000/hirthe.adrienne,1426215999,
95c720,::1,GET,http://localhost:8000/hirthe.adrienne,1426216087,
c34d92,::1,GET,http://localhost:8000/,1426216089,
2e83df,::1,GET,http://localhost:8000/5,1426216094,
2d588d,::1,GET,http://localhost:8000/4,1426216097,
3ff2ed,::1,GET,http://localhost:8000/2,1426216099,
7516d2,::1,GET,http://localhost:8000/ratke.wilford,1426216101,
6627e9,::1,GET,http://localhost:8000/,1426216104,
b48ea0,::1,GET,http://localhost:8000/manage/members,1426216105,
81cdf2,::1,POST,http://localhost:8000/member/hirthe.adrienne/delete,1426216112,
cc985d,::1,GET,http://localhost:8000/manage/members,1426216113,
0be011,::1,GET,http://localhost:8000/,1426221112,
3c5d7d,::1,GET,http://localhost:8000/,1426221112,
96001f,::1,GET,http://localhost:8000/?search=b,1426221135,
90aa7a,::1,GET,http://localhost:8000/,1426221270,
525a11,::1,GET,http://localhost:8000/manage/members,1426221279,
fdfcab,::1,GET,http://localhost:8000/,1426221283,
9cc163,::1,GET,http://localhost:8000/bauch.treva,1426221289,
a4d58c,::1,GET,http://localhost:8000/manage/members,1426221291,
9bbb4a,::1,GET,http://localhost:8000/will.hoppe,1426221295,
4db411,::1,GET,http://localhost:8000/,1426221710,
2ca247,::1,GET,http://localhost:8000/?search=bauch,1426221715,
617c6c,::1,GET,http://localhost:8000/?search=b,1426221722,
86e3d7,::1,GET,http://localhost:8000/,1426228269,
253045,::1,GET,http://localhost:8000/,1426228270,
cb634e,::1,GET,http://localhost:8000/?search=a,1426228273,
e31109,::1,GET,http://localhost:8000/,1426228474,
0d4189,::1,GET,http://localhost:8000/?search=a,1426228476,
267795,::1,GET,http://localhost:8000/?search=b,1426228481,
44ca75,::1,GET,http://localhost:8000/?search=b,1426228497,
022378,::1,GET,http://localhost:8000/,1426259183,
8fc5a3,::1,GET,http://localhost:8000/,1426259183,
19d57a,::1,GET,http://localhost:8000/xbarton,1426259186,
f01611,::1,GET,http://localhost:8000/?search=x,1426259189,
f8dd4c,::1,GET,http://localhost:8000/,1426259223,
f57296,::1,GET,http://localhost:8000/manage/members,1426259227,
c9aa68,::1,POST,http://localhost:8000/member/cornell.grant/delete,1426259232,
429efe,::1,GET,http://localhost:8000/manage/members,1426259232,
aae5a3,::1,GET,http://localhost:8000/manage/members/add,1426259234,
f98c77,::1,POST,http://localhost:8000/manage/members/add,1426259322,
5f8c3a,::1,GET,http://localhost:8000/manage/members,1426259401,
